<application>
  <component name="UISettings">
    <option name="FONT_FACE" value="NanumGothicCoding" />
    <option name="FONT_SCALE" value="1.0" />
    <option name="FONT_SIZE" value="20" />
    <option name="MAX_CLIPBOARD_CONTENTS" value="50" />
    <option name="MAX_LOOKUP_WIDTH2" value="1051" />
    <option name="OVERRIDE_NONIDEA_LAF_FONTS" value="true" />
    <option name="RECENT_FILES_LIMIT" value="500" />
    <option name="SHOW_MAIN_TOOLBAR" value="true" />
    <option name="USE_SMALL_LABELS_ON_TABS" value="true" />
  </component>
</application>