<keymap version="1" name="Eclipse copy" parent="Eclipse">
  <action id="ActivateDebugToolWindow">
    <keyboard-shortcut first-keystroke="alt 7" />
  </action>
  <action id="ActivateEventLogToolWindow">
    <keyboard-shortcut first-keystroke="alt 3" />
  </action>
  <action id="ActivateFavoritesToolWindow" />
  <action id="ActivateFindBugs-IDEAToolWindow">
    <keyboard-shortcut first-keystroke="alt 4" />
  </action>
  <action id="ActivateFindToolWindow" />
  <action id="ActivateGradleToolWindow">
    <keyboard-shortcut first-keystroke="alt 8" />
  </action>
  <action id="ActivateStructureToolWindow">
    <keyboard-shortcut first-keystroke="alt 2" />
  </action>
  <action id="ActivateTODOToolWindow" />
  <action id="ActivateTerminalToolWindow">
    <keyboard-shortcut first-keystroke="alt 6" />
  </action>
  <action id="ActivateVersionControlToolWindow">
    <keyboard-shortcut first-keystroke="alt 5" />
  </action>
  <action id="Back">
    <keyboard-shortcut first-keystroke="alt left" />
  </action>
  <action id="ChangesView.ShelveSilently" />
  <action id="ChangesView.UnshelveSilently" />
  <action id="Compile">
    <keyboard-shortcut first-keystroke="shift ctrl f9" />
    <keyboard-shortcut first-keystroke="ctrl alt b" />
  </action>
  <action id="CompileDirty">
    <keyboard-shortcut first-keystroke="ctrl b" />
  </action>
  <action id="Debug">
    <keyboard-shortcut first-keystroke="ctrl f10" />
  </action>
  <action id="DelegateMethods" />
  <action id="EditorLookupDown" />
  <action id="EditorLookupUp" />
  <action id="EditorScrollDown" />
  <action id="EditorScrollToCenter" />
  <action id="EditorScrollUp" />
  <action id="EditorToggleColumnMode">
    <keyboard-shortcut first-keystroke="f10" />
  </action>
  <action id="FindUsages">
    <keyboard-shortcut first-keystroke="ctrl alt u" />
  </action>
  <action id="Forward">
    <keyboard-shortcut first-keystroke="alt right" />
  </action>
  <action id="Generate">
    <keyboard-shortcut first-keystroke="shift alt s" />
  </action>
  <action id="GotoChangedFile" />
  <action id="GotoClass" />
  <action id="GotoImplementation">
    <keyboard-shortcut first-keystroke="ctrl t" />
  </action>
  <action id="GotoTest">
    <keyboard-shortcut first-keystroke="shift ctrl t" />
  </action>
  <action id="GuiDesigner.QuickJavadoc">
    <mouse-shortcut keystroke="alt button2" />
    <keyboard-shortcut first-keystroke="f2" />
  </action>
  <action id="ImplementMethods" />
  <action id="IntroduceField" />
  <action id="IntroduceProperty" />
  <action id="MaximizeToolWindow">
    <keyboard-shortcut first-keystroke="ctrl alt m" />
  </action>
  <action id="MoveElementLeft" />
  <action id="MoveElementRight" />
  <action id="NextDiff">
    <keyboard-shortcut first-keystroke="ctrl down" />
  </action>
  <action id="NextEditorTab" />
  <action id="NextOccurence">
    <keyboard-shortcut first-keystroke="shift alt right" />
  </action>
  <action id="PreviousDiff">
    <keyboard-shortcut first-keystroke="ctrl up" />
  </action>
  <action id="PreviousOccurence">
    <keyboard-shortcut first-keystroke="shift alt left" />
  </action>
  <action id="QuickJavaDoc">
    <mouse-shortcut keystroke="alt button2" />
    <keyboard-shortcut first-keystroke="f2" />
  </action>
  <action id="Refactorings.QuickListPopupAction">
    <keyboard-shortcut first-keystroke="shift ctrl s" />
  </action>
  <action id="Rerun" />
  <action id="RerunFailedTests">
    <keyboard-shortcut first-keystroke="shift alt x" />
  </action>
  <action id="Run">
    <keyboard-shortcut first-keystroke="ctrl f11" />
  </action>
  <action id="ScrollTreeToCenter" />
  <action id="SelectAllOccurrences">
    <keyboard-shortcut first-keystroke="ctrl alt f" />
  </action>
  <action id="ShowFilterPopup" />
  <action id="ShowPopupMenu">
    <keyboard-shortcut first-keystroke="ctrl n" />
    <keyboard-shortcut first-keystroke="shift alt t" />
  </action>
  <action id="ShowUsages" />
  <action id="SonarLint.AnalyzeCurrentEditorFilePopup" />
  <action id="Stop">
    <keyboard-shortcut first-keystroke="ctrl f9" />
  </action>
  <action id="ToggleInlineHintsAction">
    <keyboard-shortcut first-keystroke="shift ctrl space" />
  </action>
  <action id="TogglePresentationMode">
    <keyboard-shortcut first-keystroke="ctrl m" />
  </action>
  <action id="UpdateRunningApplication" />
  <action id="Vcs.Push" />
  <action id="Vcs.ShowMessageHistory">
    <keyboard-shortcut first-keystroke="ctrl e" />
  </action>
  <action id="context.save" />
  <action id="learn.next.lesson" />
</keymap>